{
  "multimodal": {
    "accuracy": 0.30441046099290814,
    "per_type": {
      "other": 0.06103603603603603,
      "yes/no": 0.6292035398230088,
      "number": 0.28726968174204354
    },
    "top3_accuracy": 0.5118572695035458,
    "n_questions": 3008
  }
}