{"epoch": 1, "train_loss": 0.839354, "val_accuracy": 0.0, "val_acc_yesno": 0.0, "val_acc_number": 0.0, "val_acc_other": 0.0, "lr": 1.3900000000000002e-05, "timestamp": "2026-04-30T07:21:32"}
